company_id,company_name,country,official_website,company_type,product_name,product_category,al2o3,tio2,fe2o3,sio2,physical_properties,grit_sizes,standards,applications,packaging,certifications,special_treatment,claimed_advantages,source_ids,source_url,accessed_date,confidence,verification_status,data_status,notes
COMP-001,Washington Mills,United States / Canada,https://www.washingtonmills.com/,manufacturer,DURALUM; BLASTITE; treated DURALUM grades,"regular, blasting, refractory, heat-treated and coated BFA",see individual TDS/SDS; not consolidated here,,,,Hardness/toughness and angular grain claims on product literature,"BLASTITE 20,40,60,80,120,150,180; other FEPA/custom grades",ANSI B74.12 and customer/government specifications claimed,bonded abrasives; blasting; refractory,not consistently stated on reviewed pages,company certifications require product/site verification,heat-treated; red iron oxide coated; silane coated; specialty treated,broad specialty portfolio and North American production/processing,SRC-008;SRC-009;SRC-010;SRC-029,https://www.washingtonmills.com/products/brown-fused-aluminum-oxide,2026-06-08,high,verified,reference_only,Washington Mills page explicitly identifies the company as a brown fused aluminum oxide manufacturer. Product/treatment claims are traceable to official page/brochures.
COMP-002,"Luoyang DOMILL Abrasive Technology Co., Ltd.",China,https://www.domill.com/,supplier identity unverified in this audit,Claimed BFA product range; current page unavailable,unverified,,,,,,,,,,,Claimed calcined/coated range; unverified because source access failed,,SRC-011;SRC-012,https://www.domill.com/products/Brown-Fused-Alumina,2026-06-08,low,unverified,reference_only,Repeated GET returned HTTP 503. Precise specifications were removed because current content and corporate identity could not be revalidated.
COMP-003,"Luoyang Runbao Super Abrasives Co., Ltd.",China,https://www.runbaoabrasives.com/,supplier identity unverified in this audit,Claimed regular/heat-treated BFA; current page unavailable,unverified,,,,,,,,,,,Claimed heat treatment; unverified because source access failed,,SRC-013,https://www.runbaoabrasives.com/en/home-product-fid-25.html,2026-06-08,low,unverified,reference_only,"Repeated GET returned HTTP 503. Precise treatment temperatures, standards and specifications were removed."
COMP-004,"U.S. Electrofused Minerals, Inc. (USEM)",United States,https://usminerals.com/,manufacturer of industrial mineral grains/powders; distributor and Elfusa representative,Brown Fused Alumina; BTCAL marketed via USEM,regular and heat-treated BFA,BTCAL typical 95.61,2.55,0.23,0.90,product-specific TDS available,coarse grits to fine powders; exact product sheet,ANSI; FEPA; ISO; JIS claimed,bonded/coated abrasives; blasting; refractory; ceramics; investment casting,not reviewed,USEM states sister-company products are from ISO 9001-certified Elfusa/Sublime Technologies; not recorded as a USEM product certification,heat treatment; semi-friable heat-treated grades,integrated Curimbaba/Elfusa portfolio and multiple sizing systems,SRC-022;SRC-023,https://usminerals.com/files/produtosAtualizadosPDF/BFA%20-%20Brown%20Fused%20Alumina%20-%20Bonded%20%26%20Industrial%20Abrasives%20-%20BTCAL-R.pdf,2026-06-08,high,verified,reference_only,BTCAL TDS is hosted by USEM and identifies Curimbaba group context. Do not conflate USEM manufacturing with Elfusa product origin.
COMP-005,Bosai Europe GmbH,Germany; product origin stated as China,https://www.bosaieurope.de/,Bosai group sales entity / supplier,Brown Fused Alumina - BFA,refractory and abrasive BFA,≥95.0,≤3.2,≤0.30,≤1.20,page lists B.D. ≥3.85 g/ccm (label should be clarified),"0–1, 1–3, 3–6, 6–10 mm; custom",not stated,refractory; abrasives,bulk; 1.25 mt big bags; 25 kg paper bags,not reviewed,none stated,own production origin and large-scale supply claim,SRC-019,https://www.bosaieurope.de/en/our-products/corundum/index.html,2026-06-08,high,verified,reference_only,"Official page states China (own production), but Bosai Europe itself is recorded conservatively as sales entity/supplier. B.D. meaning remains ambiguous."
COMP-006,Blastrite,South Africa,https://blastrite.com/,granular-abrasive manufacturer and distributor; BFA furnace-producer status not established,ALCAB Brown Aluminium Oxide,BFA blasting/grinding media,96,2.7,0.1,0.7,Mohs 9; specific weight 4; bulk density 1.75 kg/l; angular sharp,not stated,not stated,blasting stainless/nonferrous; grinding; polishing,1 t bulk bags or 40×25 kg bags palletised,company certification claims not captured,none stated,regional facilities and surface-preparation focus,SRC-018,https://blastrite.com/products/aluminium-oxide/,2026-06-08,medium,verified,reference_only,Company identity and ALCAB product data are verified. The page does not prove Blastrite fused the BFA itself.
COMP-007,Minex Group,Romania / European regional operations,https://www.minexgroup.eu/,surface-treatment integrator and abrasive-media supplier,Brown Fused Alumina,virgin BFA blasting media,95.20,2.90,0.20,1.30,specific gravity 3.96; bulk density 1.75; Mohs 9,not captured,not stated,blasting; grinding,not captured,not reviewed,none stated,explicit virgin/no-recyclate positioning,SRC-017,https://www.minexgroup.eu/en/blasting/abrasive-media/brown-fused-alumina,2026-06-08,medium,verified,reference_only,Official site describes Minex as an integrator/supplier. It is not recorded as a BFA manufacturer.
COMP-008,"Zhengzhou Haixu Abrasives Co., Ltd.",China,https://brownalumina.com/,manufacturer and supplier (company self-description),"A Grade, B Grade, C Grade Brown Fused Alumina",supplier-defined premium/lower grade categories,A 92.5–97; B 70–80; C 50–65,A 1.5–4; B 3–5; C 4–6,A 0.3–1; B 8–15; C 12–20,A 1–2; B 2–5; C 15–25,A SG 3.90 and Mohs 9; broad lower-grade ranges,FEPA F8–F800; JIS and mm/mesh bands listed,FEPA/JIS claims,abrasives; blasting; refractory; flooring; casting,1 t jumbo; 25 kg options stated on related page,not reviewed,none stated,wide grade portfolio,SRC-020,https://brownalumina.com/product/brown-fused-alumina/,2026-06-08,medium,partially_verified,reference_only,Official product page and company-branded site verified. A/B/C grades are supplier-defined; manufacturing status is based on company self-description and was not independently audited.
COMP-009,KORUND,Poland,https://www.korund.pl/,abrasive supplier; furnace-producer status not established,Brown Fused Alumina,BFA for abrasives/refractory/blasting,94.5–97,,,,Mohs 9; density 3.90±0.05; bulk density 1.52–1.87,grit table referenced,not captured,abrasive tools; coated abrasives; refractory/ceramic; sandblasting,not captured,not reviewed,none stated,European supplier with broad application coverage,SRC-021,https://www.korund.pl/en/products/brown-fused-alumina/,2026-06-08,medium,verified,reference_only,"Official product page verifies product data, but does not establish KORUND as the BFA furnace producer."
